{"cameraMode":{"drawMode":0,"name":"Shaded","section":"Shading Mode"},"sceneLighting":false,"audioPlay":false,"sceneViewState":{"showFog":true,"showMaterialUpdate":false,"showSkybox":false,"showFlares":true,"showImageEffects":true,"showParticleSystems":true,"showVisualEffectGraphs":true,"m_FxEnabled":true},"in2DMode":false,"pivot":{"x":194.46153259277345,"y":135.12779235839845,"z":-0.527130126953125},"rotation":{"x":-0.012308911420404911,"y":-0.00990158412605524,"z":0.00012038834393024445,"w":-0.9998803734779358},"size":244.11453247070313,"orthographic":false}