{"cameraMode":{"drawMode":0,"name":"Shaded","section":"Shading Mode"},"sceneLighting":true,"audioPlay":false,"sceneViewState":{"showFog":true,"showMaterialUpdate":false,"showSkybox":true,"showFlares":true,"showImageEffects":true,"showParticleSystems":true,"showVisualEffectGraphs":true,"m_FxEnabled":true},"in2DMode":false,"pivot":{"x":-0.18036651611328126,"y":0.7323407530784607,"z":-1.8704272508621216},"rotation":{"x":0.06002197042107582,"y":-0.6988914012908936,"z":0.05906947702169418,"w":0.7102768421173096},"size":2.712435483932495,"orthographic":false}