{"cameraMode":{"drawMode":0,"name":"Shaded","section":"Shading Mode"},"sceneLighting":true,"audioPlay":false,"sceneViewState":{"showFog":true,"showMaterialUpdate":false,"showSkybox":true,"showFlares":true,"showImageEffects":true,"showParticleSystems":true,"showVisualEffectGraphs":true,"m_FxEnabled":true},"in2DMode":false,"pivot":{"x":498.11309814453127,"y":-3.2138824462890627,"z":1470.437255859375},"rotation":{"x":-0.06026747077703476,"y":-0.014377073384821415,"z":0.0008684415952302516,"w":-0.9980797171592712},"size":1086.5491943359375,"orthographic":false}