{"cameraMode":{"drawMode":0,"name":"Shaded","section":"Shading Mode"},"sceneLighting":true,"audioPlay":false,"sceneViewState":{"showFog":true,"showMaterialUpdate":false,"showSkybox":true,"showFlares":true,"showImageEffects":true,"showParticleSystems":true,"showVisualEffectGraphs":true,"m_FxEnabled":true},"in2DMode":false,"pivot":{"x":89.73196411132813,"y":60.01021957397461,"z":16.94709014892578},"rotation":{"x":0.07522064447402954,"y":0.02361227571964264,"z":-0.0017749825492501259,"w":0.9969030022621155},"size":9.830181121826172,"orthographic":false}