{"cameraMode":{"drawMode":0,"name":"Shaded","section":"Shading Mode"},"sceneLighting":true,"audioPlay":false,"sceneViewState":{"showFog":true,"showMaterialUpdate":false,"showSkybox":true,"showFlares":true,"showImageEffects":true,"showParticleSystems":true,"showVisualEffectGraphs":true,"m_FxEnabled":true},"in2DMode":false,"pivot":{"x":461.12750244140627,"y":332.62213134765627,"z":1042.542724609375},"rotation":{"x":0.007809983566403389,"y":0.0011802309891209007,"z":-0.000004009194981335895,"w":0.9999816417694092},"size":720.1363525390625,"orthographic":false}