{"cameraMode":{"drawMode":0,"name":"Shaded","section":"Shading Mode"},"sceneLighting":true,"audioPlay":false,"sceneViewState":{"showFog":true,"showMaterialUpdate":false,"showSkybox":true,"showFlares":true,"showImageEffects":true,"showParticleSystems":true,"showVisualEffectGraphs":true,"m_FxEnabled":true},"in2DMode":false,"pivot":{"x":0.05216526985168457,"y":1.0409085750579835,"z":1.8103617429733277},"rotation":{"x":0.08320234715938568,"y":0.6875572800636292,"z":-0.08021245896816254,"w":0.717164933681488},"size":4.330127239227295,"orthographic":false}