{"cameraMode":{"drawMode":0,"name":"Shaded","section":"Shading Mode"},"sceneLighting":true,"audioPlay":false,"sceneViewState":{"showFog":true,"showMaterialUpdate":false,"showSkybox":true,"showFlares":true,"showImageEffects":false,"showParticleSystems":true,"showVisualEffectGraphs":true,"m_FxEnabled":true},"in2DMode":false,"pivot":{"x":319.51641845703127,"y":153.17843627929688,"z":5.9852294921875},"rotation":{"x":0.01949881762266159,"y":-0.001499700010754168,"z":0.000029253233151393943,"w":0.9998083710670471},"size":239.43040466308595,"orthographic":false}