{"cameraMode":{"drawMode":0,"name":"Shaded","section":"Shading Mode"},"sceneLighting":true,"audioPlay":false,"sceneViewState":{"showFog":true,"showMaterialUpdate":false,"showSkybox":true,"showFlares":true,"showImageEffects":true,"showParticleSystems":true,"showVisualEffectGraphs":true,"m_FxEnabled":true},"in2DMode":false,"pivot":{"x":302.3589782714844,"y":163.65841674804688,"z":-14.007675170898438},"rotation":{"x":-0.012308911420404911,"y":-0.00990158412605524,"z":0.00012038834393024445,"w":-0.9998803734779358},"size":150.22372436523438,"orthographic":false}