{"cameraMode":{"drawMode":0,"name":"Shaded","section":"Shading Mode"},"sceneLighting":true,"audioPlay":false,"sceneViewState":{"showFog":true,"showMaterialUpdate":false,"showSkybox":true,"showFlares":true,"showImageEffects":false,"showParticleSystems":true,"showVisualEffectGraphs":true,"m_FxEnabled":true},"in2DMode":false,"pivot":{"x":285.8016662597656,"y":167.9902801513672,"z":13.615509033203125},"rotation":{"x":0.01949881762266159,"y":-0.001499700010754168,"z":0.000029253233151393943,"w":0.9998083710670471},"size":158.79763793945313,"orthographic":false}