{"cameraMode":{"drawMode":0,"name":"Shaded","section":"Shading Mode"},"sceneLighting":true,"audioPlay":false,"sceneViewState":{"showFog":true,"showMaterialUpdate":false,"showSkybox":true,"showFlares":true,"showImageEffects":true,"showParticleSystems":true,"showVisualEffectGraphs":true,"m_FxEnabled":true},"in2DMode":false,"pivot":{"x":297.730712890625,"y":164.98117065429688,"z":-13.882644653320313},"rotation":{"x":-0.012308911420404911,"y":-0.00990158412605524,"z":0.00012038834393024445,"w":-0.9998803734779358},"size":152.72584533691407,"orthographic":false}