{"cameraMode":{"drawMode":0,"name":"Shaded","section":"Shading Mode"},"sceneLighting":true,"audioPlay":false,"sceneViewState":{"showFog":true,"showMaterialUpdate":false,"showSkybox":true,"showFlares":true,"showImageEffects":true,"showParticleSystems":true,"showVisualEffectGraphs":true,"m_FxEnabled":true},"in2DMode":false,"pivot":{"x":4.873569965362549,"y":-2.4449710845947267,"z":4.390358924865723},"rotation":{"x":0.35091105103492739,"y":0.03539377450942993,"z":-0.013274691998958588,"w":0.9356544613838196},"size":9.823012351989746,"orthographic":false}