{"cameraMode":{"drawMode":0,"name":"Shaded","section":"Shading Mode"},"sceneLighting":false,"audioPlay":false,"sceneViewState":{"showFog":true,"showMaterialUpdate":false,"showSkybox":false,"showFlares":true,"showImageEffects":true,"showParticleSystems":true,"showVisualEffectGraphs":true,"m_FxEnabled":true},"in2DMode":false,"pivot":{"x":293.1522521972656,"y":172.4851837158203,"z":0.35063934326171877},"rotation":{"x":-0.024306880310177804,"y":-0.0069003901444375519,"z":0.00016623247938696295,"w":-0.9996848106384277},"size":56.479217529296878,"orthographic":false}